一般名,[細分類],[大分類],<アルキル化薬>,<代謝拮抗薬>,<微小管阻害薬>,<ビンカアルカロイド系>,<タキサン系>,<抗腫瘍性抗生物質>,<白金製剤>,<トポイソメラーゼ阻害薬>,<ホルモン療法薬>,<EGFR阻害薬>,<HER2阻害薬>,<mTOR阻害薬>,<CDK阻害薬>,<VEGF/VEGFR阻害薬>,<PD-1/PDL-1阻害薬>,<PARP阻害薬>,<分子標的薬>,<抗がん剤>,<制吐剤>,<下剤>,<ステロイド>,<抗ヒスタミン薬>,<好中球増加薬>,<鎮痛薬>,<漢方薬>,<睡眠導入剤>
腫瘍用薬,抗がん剤,抗がん剤,1,1,0,0,0,1,0,0,0,0,0,0,0,0,0,0,0,1,0,0,0,0,0,0,0,0
ビノレルビン酒石酸塩,抗がん剤,抗がん剤,0,0,1,1,0,0,0,0,0,0,0,0,0,0,0,0,0,1,0,0,0,0,0,0,0,0
トラスツズマブ,抗がん剤,抗がん剤,0,0,0,0,0,0,0,0,0,0,1,0,0,0,0,0,0,1,0,0,0,0,0,0,0,0
エトポシド,抗がん剤,抗がん剤,0,0,0,0,0,0,0,1,0,0,0,0,0,0,0,0,0,1,0,0,0,0,0,0,0,0
ドキソルビシン,抗がん剤,抗がん剤,0,0,0,0,0,0,0,1,0,0,0,0,0,0,0,0,0,1,0,0,0,0,0,0,0,0
ミトキサントロン塩酸塩,抗がん剤,抗がん剤,0,0,0,0,0,0,0,1,0,0,0,0,0,0,0,0,0,1,0,0,0,0,0,0,0,0
イダルビシン塩酸塩,抗がん剤,抗がん剤,0,0,0,0,0,0,0,1,0,0,0,0,0,0,0,0,0,1,0,0,0,0,0,0,0,0
シスプラチン,抗がん剤,抗がん剤,0,0,0,0,0,0,1,0,0,0,0,0,0,0,0,0,0,1,0,0,0,0,0,0,0,0
カルボプラチン,抗がん剤,抗がん剤,0,0,0,0,0,0,1,0,0,0,0,0,0,0,0,0,0,1,0,0,0,0,0,0,0,0
ドキソルビシン塩酸塩,抗がん剤,抗がん剤,0,0,0,0,0,1,0,0,0,0,0,0,0,0,0,0,0,1,0,0,0,0,0,0,0,0
エピルビシン塩酸塩,抗がん剤,抗がん剤,0,0,0,0,0,1,0,0,0,0,0,0,0,0,0,0,0,1,0,0,0,0,0,0,0,0
ピラルビシン塩酸塩,抗がん剤,抗がん剤,0,0,0,0,0,1,0,0,0,0,0,0,0,0,0,0,0,1,0,0,0,0,0,0,0,0
アントラサイクリン系抗腫瘍薬,抗がん剤,抗がん剤,0,0,0,0,0,1,0,0,0,0,0,0,0,0,0,0,0,1,0,0,0,0,0,0,0,0
パクリタキセル,抗がん剤,抗がん剤,0,0,0,0,1,0,0,0,0,0,0,0,0,0,0,0,0,1,0,0,0,0,0,0,0,0
ドセタキセル,抗がん剤,抗がん剤,0,0,0,0,1,0,0,0,0,0,0,0,0,0,0,0,0,1,0,0,0,0,0,0,0,0
ドセタキセル水和物,抗がん剤,抗がん剤,0,0,0,0,1,0,0,0,0,0,0,0,0,0,0,0,0,1,0,0,0,0,0,0,0,0
エリブリンメシル酸塩,抗がん剤,抗がん剤,0,0,1,0,0,0,0,0,0,0,0,0,0,0,0,0,0,1,0,0,0,0,0,0,0,0
ゲムシタビン塩酸塩,抗がん剤,抗がん剤,0,1,0,0,0,0,0,0,0,0,0,0,0,0,0,0,0,1,0,0,0,0,0,0,0,0
メトトレキサート,抗がん剤,抗がん剤,0,1,0,0,0,0,0,0,0,0,0,0,0,0,0,0,0,1,0,0,0,0,0,0,0,0
カペシタビン,抗がん剤,抗がん剤,0,1,0,0,0,0,0,0,0,0,0,0,0,0,0,0,0,1,0,0,0,0,0,0,0,0
フルオロウラシル,抗がん剤,抗がん剤,0,1,0,0,0,0,0,0,0,0,0,0,0,0,0,0,0,1,0,0,0,0,0,0,0,0
テガフール;ウラシル,抗がん剤,抗がん剤,0,1,0,0,0,0,0,0,0,0,0,0,0,0,0,0,0,1,0,0,0,0,0,0,0,0
ドキシフルリジン,抗がん剤,抗がん剤,0,1,0,0,0,0,0,0,0,0,0,0,0,0,0,0,0,1,0,0,0,0,0,0,0,0
ヒドロキシカルバミド,抗がん剤,抗がん剤,0,1,0,0,0,0,0,0,0,0,0,0,0,0,0,0,0,1,0,0,0,0,0,0,0,0
シクロホスファミド水和物,抗がん剤,抗がん剤,1,0,0,0,0,0,0,0,0,0,0,0,0,0,0,0,0,1,0,0,0,0,0,0,0,0
オラパリブ,分子標的薬,分子標的薬,0,0,0,0,0,0,0,0,0,0,0,0,0,0,0,1,1,0,0,0,0,0,0,0,0,0
アテゾリズマブ,分子標的薬,分子標的薬,0,0,0,0,0,0,0,0,0,0,0,0,0,0,1,0,1,0,0,0,0,0,0,0,0,0
デュルバルマブ,分子標的薬,分子標的薬,0,0,0,0,0,0,0,0,0,0,0,0,0,0,1,0,1,0,0,0,0,0,0,0,0,0
ニボルマブ,分子標的薬,分子標的薬,0,0,0,0,0,0,0,0,0,0,0,0,0,0,1,0,1,0,0,0,0,0,0,0,0,0
ペムブロリズマブ,分子標的薬,分子標的薬,0,0,0,0,0,0,0,0,0,0,0,0,0,0,1,0,1,0,0,0,0,0,0,0,0,0
パルボシクリブ,分子標的薬,分子標的薬,0,0,0,0,0,0,0,0,0,0,0,0,1,0,0,0,1,0,0,0,0,0,0,0,0,0
アベマシクリブ,分子標的薬,分子標的薬,0,0,0,0,0,0,0,0,0,0,0,0,1,0,0,0,1,0,0,0,0,0,0,0,0,0
エベロリムス,分子標的薬,分子標的薬,0,0,0,0,0,0,0,0,0,0,0,1,0,0,0,0,1,0,0,0,0,0,0,0,0,0
ペルツズマブ,分子標的薬,分子標的薬,0,0,0,0,0,0,0,0,0,0,1,0,0,0,0,0,1,0,0,0,0,0,0,0,0,0
ラパチニブトシル酸塩水和物,分子標的薬,分子標的薬,0,0,0,0,0,0,0,0,0,0,1,0,0,0,0,0,1,0,0,0,0,0,0,0,0,0
エルロチニブ塩酸塩,分子標的薬,分子標的薬,0,0,0,0,0,0,0,0,0,1,0,0,0,0,0,0,1,0,0,0,0,0,0,0,0,0
当帰芍薬散エキス,漢方薬,漢方薬,0,0,0,0,0,0,0,0,0,0,0,0,0,0,0,0,0,0,0,0,0,0,0,0,1,0
加味帰脾湯エキス,漢方薬,漢方薬,0,0,0,0,0,0,0,0,0,0,0,0,0,0,0,0,0,0,0,0,0,0,0,0,1,0
柴胡桂枝乾姜湯,漢方薬,漢方薬,0,0,0,0,0,0,0,0,0,0,0,0,0,0,0,0,0,0,0,0,0,0,0,0,1,0
芍薬甘草湯エキス,漢方薬,漢方薬,0,0,0,0,0,0,0,0,0,0,0,0,0,0,0,0,0,0,0,0,0,0,0,0,1,0
ボレイ,漢方薬,漢方薬,0,0,0,0,0,0,0,0,0,0,0,0,0,0,0,0,0,0,0,0,0,0,0,0,1,0
スリンダク,漢方薬,漢方薬,0,0,0,0,0,0,0,0,0,0,0,0,0,0,0,0,0,0,0,0,0,0,0,0,1,0
人参養栄湯,漢方薬,漢方薬,0,0,0,0,0,0,0,0,0,0,0,0,0,0,0,0,0,0,0,0,0,0,0,0,1,0
ショウバク,漢方薬,漢方薬,0,0,0,0,0,0,0,0,0,0,0,0,0,0,0,0,0,0,0,0,0,0,0,0,1,0
大建中湯,漢方薬,漢方薬,0,0,0,0,0,0,0,0,0,0,0,0,0,0,0,0,0,0,0,0,0,0,0,0,1,0
加味逍遥散,漢方薬,漢方薬,0,0,0,0,0,0,0,0,0,0,0,0,0,0,0,0,0,0,0,0,0,0,0,0,1,0
ブシ,漢方薬,漢方薬,0,0,0,0,0,0,0,0,0,0,0,0,0,0,0,0,0,0,0,0,0,0,0,0,1,0
三黄瀉心湯,漢方薬,漢方薬,0,0,0,0,0,0,0,0,0,0,0,0,0,0,0,0,0,0,0,0,0,0,0,0,1,0
六君子湯エキス,漢方薬,漢方薬,0,0,0,0,0,0,0,0,0,0,0,0,0,0,0,0,0,0,0,0,0,0,0,0,1,0
防風通聖散エキス,漢方薬,漢方薬,0,0,0,0,0,0,0,0,0,0,0,0,0,0,0,0,0,0,0,0,0,0,0,0,1,0
桂枝茯苓丸エキス,漢方薬,漢方薬,0,0,0,0,0,0,0,0,0,0,0,0,0,0,0,0,0,0,0,0,0,0,0,0,1,0
桂枝加竜骨牡蛎湯,漢方薬,漢方薬,0,0,0,0,0,0,0,0,0,0,0,0,0,0,0,0,0,0,0,0,0,0,0,0,1,0
温経湯,漢方薬,漢方薬,0,0,0,0,0,0,0,0,0,0,0,0,0,0,0,0,0,0,0,0,0,0,0,0,1,0
牛車腎気丸エキス,漢方薬,漢方薬,0,0,0,0,0,0,0,0,0,0,0,0,0,0,0,0,0,0,0,0,0,0,0,0,1,0
麦門冬湯エキス,漢方薬,漢方薬,0,0,0,0,0,0,0,0,0,0,0,0,0,0,0,0,0,0,0,0,0,0,0,0,1,0
ロキソプロフェンナトリウム水和物,鎮痛剤,鎮痛剤,0,0,0,0,0,0,0,0,0,0,0,0,0,0,0,0,0,0,0,0,0,0,0,1,0,0
アスピリン,鎮痛剤,鎮痛剤,0,0,0,0,0,0,0,0,0,0,0,0,0,0,0,0,0,0,0,0,0,0,0,1,0,0
アスピリン;ダイアルミネート,鎮痛剤,鎮痛剤,0,0,0,0,0,0,0,0,0,0,0,0,0,0,0,0,0,0,0,0,0,0,0,1,0,0
ジクロフェナクナトリウム,鎮痛剤,鎮痛剤,0,0,0,0,0,0,0,0,0,0,0,0,0,0,0,0,0,0,0,0,0,0,0,1,0,0
アセトアミノフェン,鎮痛剤,鎮痛剤,0,0,0,0,0,0,0,0,0,0,0,0,0,0,0,0,0,0,0,0,0,0,0,1,0,0
ナプロキセン,鎮痛剤,鎮痛剤,0,0,0,0,0,0,0,0,0,0,0,0,0,0,0,0,0,0,0,0,0,0,0,1,0,0
プレガバリン,鎮痛剤,鎮痛剤,0,0,0,0,0,0,0,0,0,0,0,0,0,0,0,0,0,0,0,0,0,0,0,1,0,0
セレコキシブ,鎮痛剤,鎮痛剤,0,0,0,0,0,0,0,0,0,0,0,0,0,0,0,0,0,0,0,0,0,0,0,1,0,0
ミロガバリンベシル酸塩,鎮痛剤,鎮痛剤,0,0,0,0,0,0,0,0,0,0,0,0,0,0,0,0,0,0,0,0,0,0,0,1,0,0
トラマドール塩酸塩,鎮痛剤,鎮痛剤,0,0,0,0,0,0,0,0,0,0,0,0,0,0,0,0,0,0,0,0,0,0,0,1,0,0
トラマドール塩酸塩;アセトアミノフェン,鎮痛剤,鎮痛剤,0,0,0,0,0,0,0,0,0,0,0,0,0,0,0,0,0,0,0,0,0,0,0,1,0,0
ロルノキシカム,鎮痛剤,鎮痛剤,0,0,0,0,0,0,0,0,0,0,0,0,0,0,0,0,0,0,0,0,0,0,0,1,0,0
メロキシカム,鎮痛剤,鎮痛剤,0,0,0,0,0,0,0,0,0,0,0,0,0,0,0,0,0,0,0,0,0,0,0,1,0,0
ノイロトロピン,鎮痛剤,鎮痛剤,0,0,0,0,0,0,0,0,0,0,0,0,0,0,0,0,0,0,0,0,0,0,0,1,0,0
エトドラク,鎮痛剤,鎮痛剤,0,0,0,0,0,0,0,0,0,0,0,0,0,0,0,0,0,0,0,0,0,0,0,1,0,0
ケトプロフェン,鎮痛剤,鎮痛剤,0,0,0,0,0,0,0,0,0,0,0,0,0,0,0,0,0,0,0,0,0,0,0,1,0,0
解熱鎮痛消炎剤,鎮痛剤,鎮痛剤,0,0,0,0,0,0,0,0,0,0,0,0,0,0,0,0,0,0,0,0,0,0,0,1,0,0
ｌ－メントール;サリチル酸グリコール,鎮痛剤,鎮痛剤,0,0,0,0,0,0,0,0,0,0,0,0,0,0,0,0,0,0,0,0,0,0,0,1,0,0
レノグラスチム,Ｇ－ＣＳＦ製剤,好中球増加薬,0,0,0,0,0,0,0,0,0,0,0,0,0,0,0,0,0,0,0,0,0,0,1,0,0,0
プロメタジンメチレンジサリチル酸塩,抗ヒスタミン剤,抗アレルギー薬,0,0,0,0,0,0,0,0,0,0,0,0,0,0,0,0,0,0,0,0,0,1,0,0,0,0
フェキソフェナジン塩酸塩,抗ヒスタミン剤,抗アレルギー薬,0,0,0,0,0,0,0,0,0,0,0,0,0,0,0,0,0,0,0,0,0,1,0,0,0,0
ベポタスチンベシル酸塩,抗ヒスタミン剤,抗アレルギー薬,0,0,0,0,0,0,0,0,0,0,0,0,0,0,0,0,0,0,0,0,0,1,0,0,0,0
オロパタジン塩酸塩,抗ヒスタミン剤,抗アレルギー薬,0,0,0,0,0,0,0,0,0,0,0,0,0,0,0,0,0,0,0,0,0,1,0,0,0,0
ｄ－クロルフェニラミンマレイン酸塩,抗ヒスタミン剤,抗アレルギー薬,0,0,0,0,0,0,0,0,0,0,0,0,0,0,0,0,0,0,0,0,0,1,0,0,0,0
メキタジン,抗ヒスタミン剤,抗アレルギー薬,0,0,0,0,0,0,0,0,0,0,0,0,0,0,0,0,0,0,0,0,0,1,0,0,0,0
レボセチリジン塩酸塩,抗ヒスタミン剤,抗アレルギー薬,0,0,0,0,0,0,0,0,0,0,0,0,0,0,0,0,0,0,0,0,0,1,0,0,0,0
ロラタジン,抗ヒスタミン剤,抗アレルギー薬,0,0,0,0,0,0,0,0,0,0,0,0,0,0,0,0,0,0,0,0,0,1,0,0,0,0
抗ヒスタミン剤,抗ヒスタミン剤,抗アレルギー薬,0,0,0,0,0,0,0,0,0,0,0,0,0,0,0,0,0,0,0,0,0,1,0,0,0,0
エピナスチン塩酸塩,抗ヒスタミン剤,抗アレルギー薬,0,0,0,0,0,0,0,0,0,0,0,0,0,0,0,0,0,0,0,0,0,1,0,0,0,0
ヒスタミン受容体拮抗薬,抗ヒスタミン剤,抗アレルギー薬,0,0,0,0,0,0,0,0,0,0,0,0,0,0,0,0,0,0,0,0,0,1,0,0,0,0
プレドニゾロン,ステロイド剤,ステロイド剤,0,0,0,0,0,0,0,0,0,0,0,0,0,0,0,0,0,0,0,0,1,0,0,0,0,0
デキサメタゾン,ステロイド剤,ステロイド剤,0,0,0,0,0,0,0,0,0,0,0,0,0,0,0,0,0,0,0,0,1,0,0,0,0,0
ベタメタゾン,ステロイド剤,ステロイド剤,0,0,0,0,0,0,0,0,0,0,0,0,0,0,0,0,0,0,0,0,1,0,0,0,0,0
ブデソニド;ホルモテロールフマル酸塩水和物,ステロイド剤,ステロイド剤,0,0,0,0,0,0,0,0,0,0,0,0,0,0,0,0,0,0,0,0,1,0,0,0,0,0
クロベタゾールプロピオン酸エステル,ステロイド剤,ステロイド剤,0,0,0,0,0,0,0,0,0,0,0,0,0,0,0,0,0,0,0,0,1,0,0,0,0,0
ジフルコルトロン吉草酸エステル,ステロイド剤,ステロイド剤,0,0,0,0,0,0,0,0,0,0,0,0,0,0,0,0,0,0,0,0,1,0,0,0,0,0
ベタメタゾン酪酸エステルプロピオン酸エステル,ステロイド剤,ステロイド剤,0,0,0,0,0,0,0,0,0,0,0,0,0,0,0,0,0,0,0,0,1,0,0,0,0,0
ヒドロコルチゾンコハク酸エステルナトリウム,ステロイド剤,ステロイド剤,0,0,0,0,0,0,0,0,0,0,0,0,0,0,0,0,0,0,0,0,1,0,0,0,0,0
ヒドロコルチゾン,ステロイド剤,ステロイド剤,0,0,0,0,0,0,0,0,0,0,0,0,0,0,0,0,0,0,0,0,1,0,0,0,0,0
ジフルプレドナート,ステロイド剤,ステロイド剤,0,0,0,0,0,0,0,0,0,0,0,0,0,0,0,0,0,0,0,0,1,0,0,0,0,0
ブデソニド,ステロイド剤,ステロイド剤,0,0,0,0,0,0,0,0,0,0,0,0,0,0,0,0,0,0,0,0,1,0,0,0,0,0
ベタメタゾン吉草酸エステル;ゲンタマイシン硫酸塩,ステロイド剤,ステロイド剤,0,0,0,0,0,0,0,0,0,0,0,0,0,0,0,0,0,0,0,0,1,0,0,0,0,0
メチルプレドニゾロン,ステロイド剤,ステロイド剤,0,0,0,0,0,0,0,0,0,0,0,0,0,0,0,0,0,0,0,0,1,0,0,0,0,0
メチルプレドニゾロンコハク酸エステルナトリウム,ステロイド剤,ステロイド剤,0,0,0,0,0,0,0,0,0,0,0,0,0,0,0,0,0,0,0,0,1,0,0,0,0,0
プレドニゾロンコハク酸エステルナトリウム,ステロイド剤,ステロイド剤,0,0,0,0,0,0,0,0,0,0,0,0,0,0,0,0,0,0,0,0,1,0,0,0,0,0
ヒドロコルチゾン酪酸エステル,ステロイド剤,ステロイド剤,0,0,0,0,0,0,0,0,0,0,0,0,0,0,0,0,0,0,0,0,1,0,0,0,0,0
ジフロラゾン酢酸エステル,ステロイド剤,ステロイド剤,0,0,0,0,0,0,0,0,0,0,0,0,0,0,0,0,0,0,0,0,1,0,0,0,0,0
フルチカゾンプロピオン酸エステル,耳鼻科疾患用薬（鼻炎）,呼吸器用薬;ステロイド剤,0,0,0,0,0,0,0,0,0,0,0,0,0,0,0,0,0,0,0,0,1,0,0,0,0,0
酸化マグネシウム,緩下剤,緩下剤,0,0,0,0,0,0,0,0,0,0,0,0,0,0,0,0,0,0,0,1,0,0,0,0,0,0
センノシド,緩下剤,緩下剤,0,0,0,0,0,0,0,0,0,0,0,0,0,0,0,0,0,0,0,1,0,0,0,0,0,0
下剤;浣腸剤,緩下剤,緩下剤,0,0,0,0,0,0,0,0,0,0,0,0,0,0,0,0,0,0,0,1,0,0,0,0,0,0
ピコスルファートナトリウム水和物,緩下剤,緩下剤,0,0,0,0,0,0,0,0,0,0,0,0,0,0,0,0,0,0,0,1,0,0,0,0,0,0
オウレン;センナ;ダイオウ;酸化マグネシウム;硫酸マグネシウム水和物,緩下剤,緩下剤,0,0,0,0,0,0,0,0,0,0,0,0,0,0,0,0,0,0,0,1,0,0,0,0,0,0
リナクロチド,緩下剤,緩下剤,0,0,0,0,0,0,0,0,0,0,0,0,0,0,0,0,0,0,0,1,0,0,0,0,0,0
ナルデメジントシル酸塩,緩下剤,緩下剤,0,0,0,0,0,0,0,0,0,0,0,0,0,0,0,0,0,0,0,1,0,0,0,0,0,0
オランザピン,制吐剤,制吐剤,0,0,0,0,0,0,0,0,0,0,0,0,0,0,0,0,0,0,1,0,0,0,0,0,0,0
ドンペリドン,制吐剤,制吐剤,0,0,0,0,0,0,0,0,0,0,0,0,0,0,0,0,0,0,1,0,0,0,0,0,0,0
モサプリドクエン酸塩水和物,制吐剤,制吐剤,0,0,0,0,0,0,0,0,0,0,0,0,0,0,0,0,0,0,1,0,0,0,0,0,0,0
制吐薬,制吐剤,制吐剤,0,0,0,0,0,0,0,0,0,0,0,0,0,0,0,0,0,0,1,0,0,0,0,0,0,0
メトクロプラミド,制吐剤,制吐剤,0,0,0,0,0,0,0,0,0,0,0,0,0,0,0,0,0,0,1,0,0,0,0,0,0,0
プロクロルペラジンメシル酸塩,制吐剤,制吐剤,0,0,0,0,0,0,0,0,0,0,0,0,0,0,0,0,0,0,1,0,0,0,0,0,0,0
アプレピタント,制吐剤,制吐剤,0,0,0,0,0,0,0,0,0,0,0,0,0,0,0,0,0,0,1,0,0,0,0,0,0,0
グラニセトロン塩酸塩,制吐剤,制吐剤,0,0,0,0,0,0,0,0,0,0,0,0,0,0,0,0,0,0,1,0,0,0,0,0,0,0
オンダンセトロン塩酸塩水和物,制吐剤,制吐剤,0,0,0,0,0,0,0,0,0,0,0,0,0,0,0,0,0,0,1,0,0,0,0,0,0,0
鎮吐剤,制吐剤,制吐剤,0,0,0,0,0,0,0,0,0,0,0,0,0,0,0,0,0,0,1,0,0,0,0,0,0,0
メトクロプラミド;塩酸メトクロプラミド,制吐剤,制吐剤,0,0,0,0,0,0,0,0,0,0,0,0,0,0,0,0,0,0,1,0,0,0,0,0,0,0
ストレプトコックス;ピオゲネス（Ａ群３型）Ｓｕ株ペニシリン処理凍結乾燥粉末,抗がん剤,抗がん剤,0,0,0,0,0,0,0,0,0,0,0,0,0,0,0,0,0,1,0,0,0,0,0,0,0,0
ベバシズマブ,分子標的薬,分子標的薬,0,0,0,0,0,0,0,0,0,0,0,0,0,1,0,0,0,0,0,0,0,0,0,0,0,0
アキシチニブ,分子標的薬,分子標的薬,0,0,0,0,0,0,0,0,0,0,0,0,0,1,0,0,0,0,0,0,0,0,0,0,0,0
タモキシフェンクエン酸塩,ホルモン療法,抗エストロゲン薬,0,0,0,0,0,0,0,0,1,0,0,0,0,0,0,0,0,0,0,0,0,0,0,0,0,0
エキセメスタン,ホルモン療法,閉経後乳癌治療剤,0,0,0,0,0,0,0,0,1,0,0,0,0,0,0,0,0,0,0,0,0,0,0,0,0,0
レトロゾール,ホルモン療法,閉経後乳癌治療剤,0,0,0,0,0,0,0,0,1,0,0,0,0,0,0,0,0,0,0,0,0,0,0,0,0,0
アナストロゾール,ホルモン療法,閉経後乳癌治療剤,0,0,0,0,0,0,0,0,1,0,0,0,0,0,0,0,0,0,0,0,0,0,0,0,0,0
フルベストラント,ホルモン療法,抗エストロゲン薬,0,0,0,0,0,0,0,0,1,0,0,0,0,0,0,0,0,0,0,0,0,0,0,0,0,0
結合型エストロゲン,ホルモン療法,性ホルモン製剤,0,0,0,0,0,0,0,0,1,0,0,0,0,0,0,0,0,0,0,0,0,0,0,0,0,0
エストラジオール,ホルモン療法,性ホルモン製剤,0,0,0,0,0,0,0,0,1,0,0,0,0,0,0,0,0,0,0,0,0,0,0,0,0,0
ジドロゲステロン,ホルモン療法,性ホルモン製剤,0,0,0,0,0,0,0,0,1,0,0,0,0,0,0,0,0,0,0,0,0,0,0,0,0,0
ジエノゲスト,ホルモン療法,性ホルモン製剤,0,0,0,0,0,0,0,0,1,0,0,0,0,0,0,0,0,0,0,0,0,0,0,0,0,0
卵胞ホルモン,ホルモン療法,性ホルモン製剤,0,0,0,0,0,0,0,0,1,0,0,0,0,0,0,0,0,0,0,0,0,0,0,0,0,0
ホルモン剤,[AMB],[AMB],0,0,0,0,0,0,0,0,1,0,0,0,0,0,0,0,0,0,0,0,0,0,0,0,0,0
プロゲステロン,ホルモン療法,性ホルモン製剤,0,0,0,0,0,0,0,0,1,0,0,0,0,0,0,0,0,0,0,0,0,0,0,0,0,0
ノルゲストレル;エチニルエストラジオール,ホルモン療法,性ホルモン製剤,0,0,0,0,0,0,0,0,1,0,0,0,0,0,0,0,0,0,0,0,0,0,0,0,0,0
エストリオール,ホルモン療法,性ホルモン製剤,0,0,0,0,0,0,0,0,1,0,0,0,0,0,0,0,0,0,0,0,0,0,0,0,0,0
エチゾラム,睡眠導入剤,睡眠導入剤,0,0,0,0,0,0,0,0,0,0,0,0,0,0,0,0,0,0,0,0,0,0,0,0,0,1
ゾルピデム酒石酸塩,睡眠導入剤,睡眠導入剤,0,0,0,0,0,0,0,0,0,0,0,0,0,0,0,0,0,0,0,0,0,0,0,0,0,1
ブロチゾラム,睡眠導入剤,睡眠導入剤,0,0,0,0,0,0,0,0,0,0,0,0,0,0,0,0,0,0,0,0,0,0,0,0,0,1
ニトラゼパム,睡眠導入剤,睡眠導入剤,0,0,0,0,0,0,0,0,0,0,0,0,0,0,0,0,0,0,0,0,0,0,0,0,0,1
フルニトラゼパム,睡眠導入剤,睡眠導入剤,0,0,0,0,0,0,0,0,0,0,0,0,0,0,0,0,0,0,0,0,0,0,0,0,0,1
ゾピクロン,睡眠導入剤,睡眠導入剤,0,0,0,0,0,0,0,0,0,0,0,0,0,0,0,0,0,0,0,0,0,0,0,0,0,1
トリアゾラム,睡眠導入剤,睡眠導入剤,0,0,0,0,0,0,0,0,0,0,0,0,0,0,0,0,0,0,0,0,0,0,0,0,0,1
ロルメタゼパム,睡眠導入剤,睡眠導入剤,0,0,0,0,0,0,0,0,0,0,0,0,0,0,0,0,0,0,0,0,0,0,0,0,0,1
エスゾピクロン,睡眠導入剤,睡眠導入剤,0,0,0,0,0,0,0,0,0,0,0,0,0,0,0,0,0,0,0,0,0,0,0,0,0,1
スボレキサント,睡眠導入剤,睡眠導入剤,0,0,0,0,0,0,0,0,0,0,0,0,0,0,0,0,0,0,0,0,0,0,0,0,0,1
ラメルテオン,睡眠導入剤,睡眠導入剤,0,0,0,0,0,0,0,0,0,0,0,0,0,0,0,0,0,0,0,0,0,0,0,0,0,1
Ｌ－プロリン,[AMB],[AMB],0,0,0,0,0,0,0,0,0,0,0,0,0,0,0,0,0,0,0,0,0,0,0,0,0,0
フルチカゾンプロピオン酸エステル;ホルモテロールフマル酸塩水和物,喘息治療薬,呼吸器用薬,0,0,0,0,0,0,0,0,0,0,0,0,0,0,0,0,0,0,0,0,0,0,0,0,0,0
ベンザルコニウム塩化物,外用殺菌消毒剤,消毒薬,0,0,0,0,0,0,0,0,0,0,0,0,0,0,0,0,0,0,0,0,0,0,0,0,0,0
ウルソデオキシコール酸,肝・胆・消化機能改善剤,消化器用薬,0,0,0,0,0,0,0,0,0,0,0,0,0,0,0,0,0,0,0,0,0,0,0,0,0,0
４，７，１０，１３，１６，１９－ドコサヘキサエン酸,ＤＨＡ,脂質異常症用薬,0,0,0,0,0,0,0,0,0,0,0,0,0,0,0,0,0,0,0,0,0,0,0,0,0,0
ファモチジン,Ｈ２受容体拮抗剤,消化器用薬,0,0,0,0,0,0,0,0,0,0,0,0,0,0,0,0,0,0,0,0,0,0,0,0,0,0
ニザチジン,Ｈ２受容体拮抗剤,消化器用薬,0,0,0,0,0,0,0,0,0,0,0,0,0,0,0,0,0,0,0,0,0,0,0,0,0,0
シメチジン,Ｈ２受容体拮抗剤,消化器用薬,0,0,0,0,0,0,0,0,0,0,0,0,0,0,0,0,0,0,0,0,0,0,0,0,0,0
ラフチジン,Ｈ２受容体拮抗剤,消化器用薬,0,0,0,0,0,0,0,0,0,0,0,0,0,0,0,0,0,0,0,0,0,0,0,0,0,0
エソメプラゾールマグネシウム水和物,ＰＰＩ,消化器用薬,0,0,0,0,0,0,0,0,0,0,0,0,0,0,0,0,0,0,0,0,0,0,0,0,0,0
ランソプラゾール,ＰＰＩ,消化器用薬,0,0,0,0,0,0,0,0,0,0,0,0,0,0,0,0,0,0,0,0,0,0,0,0,0,0
ラベプラゾールナトリウム,ＰＰＩ,消化器用薬,0,0,0,0,0,0,0,0,0,0,0,0,0,0,0,0,0,0,0,0,0,0,0,0,0,0
オメプラゾールナトリウム,ＰＰＩ,消化器用薬,0,0,0,0,0,0,0,0,0,0,0,0,0,0,0,0,0,0,0,0,0,0,0,0,0,0
オメプラゾール,ＰＰＩ,消化器用薬,0,0,0,0,0,0,0,0,0,0,0,0,0,0,0,0,0,0,0,0,0,0,0,0,0,0
スプラタストトシル酸塩,アレルギー性疾患治療剤,抗アレルギー薬,0,0,0,0,0,0,0,0,0,0,0,0,0,0,0,0,0,0,0,0,0,0,0,0,0,0
インスリンアスパルト,インスリン製剤,インスリン製剤,0,0,0,0,0,0,0,0,0,0,0,0,0,0,0,0,0,0,0,0,0,0,0,0,0,0
インスリングラルギン,インスリン製剤,インスリン製剤,0,0,0,0,0,0,0,0,0,0,0,0,0,0,0,0,0,0,0,0,0,0,0,0,0,0
インスリン ヒト,インスリン製剤,インスリン製剤,0,0,0,0,0,0,0,0,0,0,0,0,0,0,0,0,0,0,0,0,0,0,0,0,0,0
インスリンリスプロ,インスリン製剤,インスリン製剤,0,0,0,0,0,0,0,0,0,0,0,0,0,0,0,0,0,0,0,0,0,0,0,0,0,0
Ｌ－アスパラギン酸カリウム,カリウム製剤,電解質製剤,0,0,0,0,0,0,0,0,0,0,0,0,0,0,0,0,0,0,0,0,0,0,0,0,0,0
塩化カリウム,カリウム製剤,電解質製剤,0,0,0,0,0,0,0,0,0,0,0,0,0,0,0,0,0,0,0,0,0,0,0,0,0,0
ジクアホソルナトリウム,ドライアイ治療薬,眼科用薬,0,0,0,0,0,0,0,0,0,0,0,0,0,0,0,0,0,0,0,0,0,0,0,0,0,0
ニコチン酸アミド,脂質代謝異常治療薬,脂質異常症用薬,0,0,0,0,0,0,0,0,0,0,0,0,0,0,0,0,0,0,0,0,0,0,0,0,0,0
アスコルビン酸;パントテン酸カルシウム錠,ビタミンＣ・パントテン酸カルシウム配合剤,ビタミン製剤,0,0,0,0,0,0,0,0,0,0,0,0,0,0,0,0,0,0,0,0,0,0,0,0,0,0
フルスルチアミン塩酸塩,ビタミンＢ１,ビタミン製剤,0,0,0,0,0,0,0,0,0,0,0,0,0,0,0,0,0,0,0,0,0,0,0,0,0,0
メコバラミン,ビタミンＢ１２製剤,ビタミン製剤,0,0,0,0,0,0,0,0,0,0,0,0,0,0,0,0,0,0,0,0,0,0,0,0,0,0
ビオチン,ビタミンＢ群,ビタミン製剤,0,0,0,0,0,0,0,0,0,0,0,0,0,0,0,0,0,0,0,0,0,0,0,0,0,0
葉酸,ビタミンＢ群,ビタミン製剤,0,0,0,0,0,0,0,0,0,0,0,0,0,0,0,0,0,0,0,0,0,0,0,0,0,0
エルデカルシトール,ビタミンＤ３製剤,ビタミン製剤,0,0,0,0,0,0,0,0,0,0,0,0,0,0,0,0,0,0,0,0,0,0,0,0,0,0
カルシトリオール,ビタミンＤ３製剤,ビタミン製剤,0,0,0,0,0,0,0,0,0,0,0,0,0,0,0,0,0,0,0,0,0,0,0,0,0,0
アルファカルシドール,ビタミンＤ３製剤,ビタミン製剤,0,0,0,0,0,0,0,0,0,0,0,0,0,0,0,0,0,0,0,0,0,0,0,0,0,0
トコフェロールニコチン酸エステル,ビタミンＥ製剤,ビタミン製剤,0,0,0,0,0,0,0,0,0,0,0,0,0,0,0,0,0,0,0,0,0,0,0,0,0,0
バラシクロビル塩酸塩,ヘルペスウイルス治療薬,抗ウイルス剤,0,0,0,0,0,0,0,0,0,0,0,0,0,0,0,0,0,0,0,0,0,0,0,0,0,0
ベタヒスチンメシル酸塩,めまい・平衡障害治療剤,抗めまい薬,0,0,0,0,0,0,0,0,0,0,0,0,0,0,0,0,0,0,0,0,0,0,0,0,0,0
沈降インフルエンザワクチンＨ５Ｎ１,ワクチン,ワクチン,0,0,0,0,0,0,0,0,0,0,0,0,0,0,0,0,0,0,0,0,0,0,0,0,0,0
肺炎球菌ワクチン,ワクチン,ワクチン,0,0,0,0,0,0,0,0,0,0,0,0,0,0,0,0,0,0,0,0,0,0,0,0,0,0
沈降Ｂ型肝炎ワクチン,ワクチン,ワクチン,0,0,0,0,0,0,0,0,0,0,0,0,0,0,0,0,0,0,0,0,0,0,0,0,0,0
レバミピド,胃炎・胃潰瘍治療剤,消化器用薬,0,0,0,0,0,0,0,0,0,0,0,0,0,0,0,0,0,0,0,0,0,0,0,0,0,0
テプレノン,胃炎・胃潰瘍治療剤,消化器用薬,0,0,0,0,0,0,0,0,0,0,0,0,0,0,0,0,0,0,0,0,0,0,0,0,0,0
イルソグラジンマレイン酸塩,胃炎・胃潰瘍治療剤,消化器用薬,0,0,0,0,0,0,0,0,0,0,0,0,0,0,0,0,0,0,0,0,0,0,0,0,0,0
ポラプレジンク,胃潰瘍治療剤,消化器用薬,0,0,0,0,0,0,0,0,0,0,0,0,0,0,0,0,0,0,0,0,0,0,0,0,0,0
ジメチルイソプロピルアズレン,炎症性皮膚疾患治療剤,皮膚用剤,0,0,0,0,0,0,0,0,0,0,0,0,0,0,0,0,0,0,0,0,0,0,0,0,0,0
コハク酸ソリフェナシン,過活動膀胱,泌尿器用薬,0,0,0,0,0,0,0,0,0,0,0,0,0,0,0,0,0,0,0,0,0,0,0,0,0,0
ミラベグロン,過活動膀胱,泌尿器用薬,0,0,0,0,0,0,0,0,0,0,0,0,0,0,0,0,0,0,0,0,0,0,0,0,0,0
ポビドンヨード,外用殺菌消毒剤,消毒薬,0,0,0,0,0,0,0,0,0,0,0,0,0,0,0,0,0,0,0,0,0,0,0,0,0,0
クロルヘキシジングルコン酸塩,外用殺菌消毒剤,消毒薬,0,0,0,0,0,0,0,0,0,0,0,0,0,0,0,0,0,0,0,0,0,0,0,0,0,0
アクリノール水和物,外用殺菌消毒剤,消毒薬,0,0,0,0,0,0,0,0,0,0,0,0,0,0,0,0,0,0,0,0,0,0,0,0,0,0
精製ヒアルロン酸ナトリウム,角結膜上皮障害治療用点眼剤,眼科用薬,0,0,0,0,0,0,0,0,0,0,0,0,0,0,0,0,0,0,0,0,0,0,0,0,0,0
コンドロイチン硫酸,電解質・輸液・栄養製剤,電解質・輸液・栄養製剤,0,0,0,0,0,0,0,0,0,0,0,0,0,0,0,0,0,0,0,0,0,0,0,0,0,0
グリチルリチン酸モノアンモニウム;グリシン;ＤＬ－メチオニン,肝機能改善薬,消化器用薬,0,0,0,0,0,0,0,0,0,0,0,0,0,0,0,0,0,0,0,0,0,0,0,0,0,0
プロカテロール塩酸塩水和物,気管支拡張剤,呼吸器用薬,0,0,0,0,0,0,0,0,0,0,0,0,0,0,0,0,0,0,0,0,0,0,0,0,0,0
サルブタモール硫酸塩,気管支拡張剤,呼吸器用薬,0,0,0,0,0,0,0,0,0,0,0,0,0,0,0,0,0,0,0,0,0,0,0,0,0,0
プランルカスト水和物,気管支喘息治療剤,呼吸器用薬,0,0,0,0,0,0,0,0,0,0,0,0,0,0,0,0,0,0,0,0,0,0,0,0,0,0
モンテルカストナトリウム,気管支喘息治療剤,呼吸器用薬,0,0,0,0,0,0,0,0,0,0,0,0,0,0,0,0,0,0,0,0,0,0,0,0,0,0
アンブロキソール塩酸塩,去痰剤,呼吸器用薬,0,0,0,0,0,0,0,0,0,0,0,0,0,0,0,0,0,0,0,0,0,0,0,0,0,0
Ｌ－カルボシステイン,去痰剤,呼吸器用薬,0,0,0,0,0,0,0,0,0,0,0,0,0,0,0,0,0,0,0,0,0,0,0,0,0,0
メチルジゴキシン,強心剤,循環器用薬,0,0,0,0,0,0,0,0,0,0,0,0,0,0,0,0,0,0,0,0,0,0,0,0,0,0
ジゴキシン,強心剤,循環器用薬,0,0,0,0,0,0,0,0,0,0,0,0,0,0,0,0,0,0,0,0,0,0,0,0,0,0
一硝酸イソソルビド,狭心症治療剤,循環器用薬,0,0,0,0,0,0,0,0,0,0,0,0,0,0,0,0,0,0,0,0,0,0,0,0,0,0
ニコランジル,狭心症治療剤,循環器用薬,0,0,0,0,0,0,0,0,0,0,0,0,0,0,0,0,0,0,0,0,0,0,0,0,0,0
ニトログリセリン,狭心症治療剤,循環器用薬,0,0,0,0,0,0,0,0,0,0,0,0,0,0,0,0,0,0,0,0,0,0,0,0,0,0
チザニジン塩酸塩,筋緊張緩和剤,中枢神経薬,0,0,0,0,0,0,0,0,0,0,0,0,0,0,0,0,0,0,0,0,0,0,0,0,0,0
カルシトニン サケ,骨吸収抑制,筋骨格系用薬,0,0,0,0,0,0,0,0,0,0,0,0,0,0,0,0,0,0,0,0,0,0,0,0,0,0
ヘパリン類似物質,血行促進・皮膚保湿剤,皮膚用薬,0,0,0,0,0,0,0,0,0,0,0,0,0,0,0,0,0,0,0,0,0,0,0,0,0,0
シタグリプチンリン酸塩水和物,血糖降下剤,糖尿病用薬,0,0,0,0,0,0,0,0,0,0,0,0,0,0,0,0,0,0,0,0,0,0,0,0,0,0
グリメピリド,血糖降下剤,糖尿病用薬,0,0,0,0,0,0,0,0,0,0,0,0,0,0,0,0,0,0,0,0,0,0,0,0,0,0
ダパグリフロジンプロピレングリコール水和物,血糖降下剤,糖尿病用薬,0,0,0,0,0,0,0,0,0,0,0,0,0,0,0,0,0,0,0,0,0,0,0,0,0,0
トレラグリプチンコハク酸塩,血糖降下剤,糖尿病用薬,0,0,0,0,0,0,0,0,0,0,0,0,0,0,0,0,0,0,0,0,0,0,0,0,0,0
ミグリトール,血糖降下剤,糖尿病用薬,0,0,0,0,0,0,0,0,0,0,0,0,0,0,0,0,0,0,0,0,0,0,0,0,0,0
ピオグリタゾン塩酸塩,血糖降下剤,糖尿病用薬,0,0,0,0,0,0,0,0,0,0,0,0,0,0,0,0,0,0,0,0,0,0,0,0,0,0
アログリプチン安息香酸塩,血糖降下剤,糖尿病用薬,0,0,0,0,0,0,0,0,0,0,0,0,0,0,0,0,0,0,0,0,0,0,0,0,0,0
メトホルミン塩酸塩,血糖降下剤,糖尿病用薬,0,0,0,0,0,0,0,0,0,0,0,0,0,0,0,0,0,0,0,0,0,0,0,0,0,0
ミチグリニドカルシウム水和物,血糖降下剤,糖尿病用薬,0,0,0,0,0,0,0,0,0,0,0,0,0,0,0,0,0,0,0,0,0,0,0,0,0,0
ビルダグリプチン,血糖降下剤,糖尿病用薬,0,0,0,0,0,0,0,0,0,0,0,0,0,0,0,0,0,0,0,0,0,0,0,0,0,0
アシクロビル,抗ウイルス剤,抗ウイルス剤,0,0,0,0,0,0,0,0,0,0,0,0,0,0,0,0,0,0,0,0,0,0,0,0,0,0
エンテカビル水和物,抗ウイルス剤,抗ウイルス剤,0,0,0,0,0,0,0,0,0,0,0,0,0,0,0,0,0,0,0,0,0,0,0,0,0,0
パロキセチン塩酸塩水和物,抗うつ剤,抗うつ剤,0,0,0,0,0,0,0,0,0,0,0,0,0,0,0,0,0,0,0,0,0,0,0,0,0,0
トラゾドン塩酸塩,抗うつ剤,抗うつ剤,0,0,0,0,0,0,0,0,0,0,0,0,0,0,0,0,0,0,0,0,0,0,0,0,0,0
ミアンセリン塩酸塩,抗うつ剤,抗うつ剤,0,0,0,0,0,0,0,0,0,0,0,0,0,0,0,0,0,0,0,0,0,0,0,0,0,0
塩酸セルトラリン,抗うつ剤,抗うつ剤,0,0,0,0,0,0,0,0,0,0,0,0,0,0,0,0,0,0,0,0,0,0,0,0,0,0
フルボキサミンマレイン酸塩,抗うつ剤,抗うつ剤,0,0,0,0,0,0,0,0,0,0,0,0,0,0,0,0,0,0,0,0,0,0,0,0,0,0
アモキサピン,抗うつ剤,抗うつ剤,0,0,0,0,0,0,0,0,0,0,0,0,0,0,0,0,0,0,0,0,0,0,0,0,0,0
フェノバルビタール,抗けいれん剤,抗けいれん剤,0,0,0,0,0,0,0,0,0,0,0,0,0,0,0,0,0,0,0,0,0,0,0,0,0,0
レベチラセタム,抗てんかん剤,抗てんかん剤,0,0,0,0,0,0,0,0,0,0,0,0,0,0,0,0,0,0,0,0,0,0,0,0,0,0
ゾニサミド,抗てんかん剤,抗てんかん剤,0,0,0,0,0,0,0,0,0,0,0,0,0,0,0,0,0,0,0,0,0,0,0,0,0,0
クロナゼパム,抗てんかん剤,抗てんかん剤,0,0,0,0,0,0,0,0,0,0,0,0,0,0,0,0,0,0,0,0,0,0,0,0,0,0
プリミドン,抗てんかん剤,抗てんかん剤,0,0,0,0,0,0,0,0,0,0,0,0,0,0,0,0,0,0,0,0,0,0,0,0,0,0
カルバマゼピン,抗てんかん剤,抗てんかん剤,0,0,0,0,0,0,0,0,0,0,0,0,0,0,0,0,0,0,0,0,0,0,0,0,0,0
ラモトリギン,抗てんかん剤;双極性障害治療薬,抗てんかん剤,0,0,0,0,0,0,0,0,0,0,0,0,0,0,0,0,0,0,0,0,0,0,0,0,0,0
ガバペンチン,抗てんかん剤;双極性障害治療薬,抗てんかん剤,0,0,0,0,0,0,0,0,0,0,0,0,0,0,0,0,0,0,0,0,0,0,0,0,0,0
バルプロ酸ナトリウム,抗てんかん剤;躁病・躁状態治療剤,抗てんかん剤,0,0,0,0,0,0,0,0,0,0,0,0,0,0,0,0,0,0,0,0,0,0,0,0,0,0
ジアフェニルスルホン,抗菌薬,抗菌薬,0,0,0,0,0,0,0,0,0,0,0,0,0,0,0,0,0,0,0,0,0,0,0,0,0,0
ブシラミン,抗リウマチ剤,免疫疾患治療薬,0,0,0,0,0,0,0,0,0,0,0,0,0,0,0,0,0,0,0,0,0,0,0,0,0,0
アザチオプリン,抗リウマチ剤,免疫疾患治療薬,0,0,0,0,0,0,0,0,0,0,0,0,0,0,0,0,0,0,0,0,0,0,0,0,0,0
サラゾスルファピリジン,抗リウマチ剤,免疫疾患治療薬,0,0,0,0,0,0,0,0,0,0,0,0,0,0,0,0,0,0,0,0,0,0,0,0,0,0
ワルファリンカリウム,抗凝固剤,抗血栓薬,0,0,0,0,0,0,0,0,0,0,0,0,0,0,0,0,0,0,0,0,0,0,0,0,0,0
ヘパリン,抗凝固剤,抗血栓薬,0,0,0,0,0,0,0,0,0,0,0,0,0,0,0,0,0,0,0,0,0,0,0,0,0,0
アピキサバン,抗凝固剤,抗血栓薬,0,0,0,0,0,0,0,0,0,0,0,0,0,0,0,0,0,0,0,0,0,0,0,0,0,0
リバーロキサバン,抗凝固剤,抗血栓薬,0,0,0,0,0,0,0,0,0,0,0,0,0,0,0,0,0,0,0,0,0,0,0,0,0,0
ダビガトランエテキシラートメタンスルホン酸塩,抗凝固剤,抗血栓薬,0,0,0,0,0,0,0,0,0,0,0,0,0,0,0,0,0,0,0,0,0,0,0,0,0,0
クロピドグレル硫酸塩,抗血小板剤,抗血栓薬,0,0,0,0,0,0,0,0,0,0,0,0,0,0,0,0,0,0,0,0,0,0,0,0,0,0
リマプロストアルファデクス,抗血小板剤,抗血栓薬,0,0,0,0,0,0,0,0,0,0,0,0,0,0,0,0,0,0,0,0,0,0,0,0,0,0
シロスタゾール,抗血小板剤,抗血栓薬,0,0,0,0,0,0,0,0,0,0,0,0,0,0,0,0,0,0,0,0,0,0,0,0,0,0
ジピリダモール,抗血小板剤,抗血栓薬,0,0,0,0,0,0,0,0,0,0,0,0,0,0,0,0,0,0,0,0,0,0,0,0,0,0
プロスタグランジン誘導体,抗血小板剤,抗血栓薬,0,0,0,0,0,0,0,0,0,0,0,0,0,0,0,0,0,0,0,0,0,0,0,0,0,0
エドキサバントシル酸塩水和物,抗血小板剤,抗血栓薬,0,0,0,0,0,0,0,0,0,0,0,0,0,0,0,0,0,0,0,0,0,0,0,0,0,0
チアマゾール,抗甲状腺剤,抗甲状腺剤,0,0,0,0,0,0,0,0,0,0,0,0,0,0,0,0,0,0,0,0,0,0,0,0,0,0
テルビナフィン塩酸塩,抗真菌剤,抗真菌剤,0,0,0,0,0,0,0,0,0,0,0,0,0,0,0,0,0,0,0,0,0,0,0,0,0,0
イトラコナゾール,抗真菌剤,抗真菌剤,0,0,0,0,0,0,0,0,0,0,0,0,0,0,0,0,0,0,0,0,0,0,0,0,0,0
レボフロキサシン水和物,抗菌薬,抗菌薬,0,0,0,0,0,0,0,0,0,0,0,0,0,0,0,0,0,0,0,0,0,0,0,0,0,0
アモキシシリン水和物,抗菌薬,抗菌薬,0,0,0,0,0,0,0,0,0,0,0,0,0,0,0,0,0,0,0,0,0,0,0,0,0,0
シプロフロキサシン,抗菌薬,抗菌薬,0,0,0,0,0,0,0,0,0,0,0,0,0,0,0,0,0,0,0,0,0,0,0,0,0,0
セフェピム塩酸塩水和物,抗菌薬,抗菌薬,0,0,0,0,0,0,0,0,0,0,0,0,0,0,0,0,0,0,0,0,0,0,0,0,0,0
セファゾリンナトリウム,抗菌薬,抗菌薬,0,0,0,0,0,0,0,0,0,0,0,0,0,0,0,0,0,0,0,0,0,0,0,0,0,0
セフカペン ピボキシル塩酸塩水和物,抗菌薬,抗菌薬,0,0,0,0,0,0,0,0,0,0,0,0,0,0,0,0,0,0,0,0,0,0,0,0,0,0
フロモキセフナトリウム,抗菌薬,抗菌薬,0,0,0,0,0,0,0,0,0,0,0,0,0,0,0,0,0,0,0,0,0,0,0,0,0,0
メシル酸ガレノキサシン水和物,抗菌薬,抗菌薬,0,0,0,0,0,0,0,0,0,0,0,0,0,0,0,0,0,0,0,0,0,0,0,0,0,0
アモキシシリン水和物;クラブラン酸カリウム,抗菌薬,抗菌薬,0,0,0,0,0,0,0,0,0,0,0,0,0,0,0,0,0,0,0,0,0,0,0,0,0,0
エリスロマイシン,抗菌薬,抗菌薬,0,0,0,0,0,0,0,0,0,0,0,0,0,0,0,0,0,0,0,0,0,0,0,0,0,0
ピペラシリンナトリウム,抗菌薬,抗菌薬,0,0,0,0,0,0,0,0,0,0,0,0,0,0,0,0,0,0,0,0,0,0,0,0,0,0
アンピシリン,抗菌薬,抗菌薬,0,0,0,0,0,0,0,0,0,0,0,0,0,0,0,0,0,0,0,0,0,0,0,0,0,0
ナイスタチン,抗菌薬,抗菌薬,0,0,0,0,0,0,0,0,0,0,0,0,0,0,0,0,0,0,0,0,0,0,0,0,0,0
バンコマイシン塩酸塩,抗菌薬,抗菌薬,0,0,0,0,0,0,0,0,0,0,0,0,0,0,0,0,0,0,0,0,0,0,0,0,0,0
クラリスロマイシン,抗菌薬,抗菌薬,0,0,0,0,0,0,0,0,0,0,0,0,0,0,0,0,0,0,0,0,0,0,0,0,0,0
テイコプラニン,抗菌薬,抗菌薬,0,0,0,0,0,0,0,0,0,0,0,0,0,0,0,0,0,0,0,0,0,0,0,0,0,0
スルファメトキサゾール;トリメトプリム,抗菌薬,抗菌薬,0,0,0,0,0,0,0,0,0,0,0,0,0,0,0,0,0,0,0,0,0,0,0,0,0,0
アジスロマイシン水和物,抗菌薬,抗菌薬,0,0,0,0,0,0,0,0,0,0,0,0,0,0,0,0,0,0,0,0,0,0,0,0,0,0
セファゾリン,抗菌薬,抗菌薬,0,0,0,0,0,0,0,0,0,0,0,0,0,0,0,0,0,0,0,0,0,0,0,0,0,0
注射用アンピシリンナトリウム;スルバクタムナトリウム,抗菌薬,抗菌薬,0,0,0,0,0,0,0,0,0,0,0,0,0,0,0,0,0,0,0,0,0,0,0,0,0,0
メロペネム水和物,抗菌薬,抗菌薬,0,0,0,0,0,0,0,0,0,0,0,0,0,0,0,0,0,0,0,0,0,0,0,0,0,0
ストレプトマイシン硫酸塩,抗菌薬,抗菌薬,0,0,0,0,0,0,0,0,0,0,0,0,0,0,0,0,0,0,0,0,0,0,0,0,0,0
クリンダマイシン塩酸塩,抗菌薬,抗菌薬,0,0,0,0,0,0,0,0,0,0,0,0,0,0,0,0,0,0,0,0,0,0,0,0,0,0
ロキシスロマイシン,抗菌薬,抗菌薬,0,0,0,0,0,0,0,0,0,0,0,0,0,0,0,0,0,0,0,0,0,0,0,0,0,0
ドキシサイクリン塩酸塩水和物,抗菌薬,抗菌薬,0,0,0,0,0,0,0,0,0,0,0,0,0,0,0,0,0,0,0,0,0,0,0,0,0,0
セファクロル,抗菌薬,抗菌薬,0,0,0,0,0,0,0,0,0,0,0,0,0,0,0,0,0,0,0,0,0,0,0,0,0,0
セフカペン,抗菌薬,抗菌薬,0,0,0,0,0,0,0,0,0,0,0,0,0,0,0,0,0,0,0,0,0,0,0,0,0,0
ゲンタマイシン硫酸塩,抗菌薬,抗菌薬,0,0,0,0,0,0,0,0,0,0,0,0,0,0,0,0,0,0,0,0,0,0,0,0,0,0
セフジニル,抗菌薬,抗菌薬,0,0,0,0,0,0,0,0,0,0,0,0,0,0,0,0,0,0,0,0,0,0,0,0,0,0
クリンダマイシン,抗菌薬,抗菌薬,0,0,0,0,0,0,0,0,0,0,0,0,0,0,0,0,0,0,0,0,0,0,0,0,0,0
注射用タゾバクタム;ピペラシリン,抗菌薬,抗菌薬,0,0,0,0,0,0,0,0,0,0,0,0,0,0,0,0,0,0,0,0,0,0,0,0,0,0
テトラサイクリン,抗菌薬,抗菌薬,0,0,0,0,0,0,0,0,0,0,0,0,0,0,0,0,0,0,0,0,0,0,0,0,0,0
セファロスポリン骨格グループ,抗菌薬,抗菌薬,0,0,0,0,0,0,0,0,0,0,0,0,0,0,0,0,0,0,0,0,0,0,0,0,0,0
アモキシシリン水和物・クラブラン酸カリウム配合（１４：１）,抗菌薬,抗菌薬,0,0,0,0,0,0,0,0,0,0,0,0,0,0,0,0,0,0,0,0,0,0,0,0,0,0
セフトリアキソンナトリウム水和物,抗菌薬,抗菌薬,0,0,0,0,0,0,0,0,0,0,0,0,0,0,0,0,0,0,0,0,0,0,0,0,0,0
タゾバクタム,抗菌薬,抗菌薬,0,0,0,0,0,0,0,0,0,0,0,0,0,0,0,0,0,0,0,0,0,0,0,0,0,0
セフォゾプラン塩酸塩,抗菌薬,抗菌薬,0,0,0,0,0,0,0,0,0,0,0,0,0,0,0,0,0,0,0,0,0,0,0,0,0,0
スルタミシリントシル酸水和物,抗菌薬,抗菌薬,0,0,0,0,0,0,0,0,0,0,0,0,0,0,0,0,0,0,0,0,0,0,0,0,0,0
セフポドキシム プロキセチル,抗菌薬,抗菌薬,0,0,0,0,0,0,0,0,0,0,0,0,0,0,0,0,0,0,0,0,0,0,0,0,0,0
メトロニダゾール,抗菌薬,抗菌薬,0,0,0,0,0,0,0,0,0,0,0,0,0,0,0,0,0,0,0,0,0,0,0,0,0,0
ブロナンセリン,抗精神病剤,神経系用薬,0,0,0,0,0,0,0,0,0,0,0,0,0,0,0,0,0,0,0,0,0,0,0,0,0,0
ハロペリドール,抗精神病剤,神経系用薬,0,0,0,0,0,0,0,0,0,0,0,0,0,0,0,0,0,0,0,0,0,0,0,0,0,0
クエチアピンフマル酸塩,抗精神病剤,神経系用薬,0,0,0,0,0,0,0,0,0,0,0,0,0,0,0,0,0,0,0,0,0,0,0,0,0,0
リスペリドン,抗精神病剤,神経系用薬,0,0,0,0,0,0,0,0,0,0,0,0,0,0,0,0,0,0,0,0,0,0,0,0,0,0
アリピプラゾール,抗精神病剤,神経系用薬,0,0,0,0,0,0,0,0,0,0,0,0,0,0,0,0,0,0,0,0,0,0,0,0,0,0
ドネペジル塩酸塩,抗認知症薬,神経系用薬,0,0,0,0,0,0,0,0,0,0,0,0,0,0,0,0,0,0,0,0,0,0,0,0,0,0
ロラゼパム,抗不安薬,神経系用薬,0,0,0,0,0,0,0,0,0,0,0,0,0,0,0,0,0,0,0,0,0,0,0,0,0,0
アルプラゾラム,抗不安薬,神経系用薬,0,0,0,0,0,0,0,0,0,0,0,0,0,0,0,0,0,0,0,0,0,0,0,0,0,0
ロフラゼプ酸エチル,抗不安薬,神経系用薬,0,0,0,0,0,0,0,0,0,0,0,0,0,0,0,0,0,0,0,0,0,0,0,0,0,0
ピルシカイニド塩抗生物質酸塩水和物,抗不整脈薬,循環器用薬,0,0,0,0,0,0,0,0,0,0,0,0,0,0,0,0,0,0,0,0,0,0,0,0,0,0
シベンゾリンコハク酸塩,抗不整脈薬,循環器用薬,0,0,0,0,0,0,0,0,0,0,0,0,0,0,0,0,0,0,0,0,0,0,0,0,0,0
レボチロキシンナトリウム水和物,甲状腺ホルモン製剤,内分泌疾患用薬,0,0,0,0,0,0,0,0,0,0,0,0,0,0,0,0,0,0,0,0,0,0,0,0,0,0
アムロジピンベシル酸塩,降圧剤,循環器用薬,0,0,0,0,0,0,0,0,0,0,0,0,0,0,0,0,0,0,0,0,0,0,0,0,0,0
オルメサルタンメドキソミル,降圧剤,循環器用薬,0,0,0,0,0,0,0,0,0,0,0,0,0,0,0,0,0,0,0,0,0,0,0,0,0,0
バルサルタン,降圧剤,循環器用薬,0,0,0,0,0,0,0,0,0,0,0,0,0,0,0,0,0,0,0,0,0,0,0,0,0,0
カンデサルタンシレキセチル,降圧剤,循環器用薬,0,0,0,0,0,0,0,0,0,0,0,0,0,0,0,0,0,0,0,0,0,0,0,0,0,0
Ａ－ＩＩアンタゴニスト,降圧剤,循環器用薬,0,0,0,0,0,0,0,0,0,0,0,0,0,0,0,0,0,0,0,0,0,0,0,0,0,0
ニフェジピン,降圧剤,循環器用薬,0,0,0,0,0,0,0,0,0,0,0,0,0,0,0,0,0,0,0,0,0,0,0,0,0,0
ロサルタンカリウム,降圧剤,循環器用薬,0,0,0,0,0,0,0,0,0,0,0,0,0,0,0,0,0,0,0,0,0,0,0,0,0,0
アゼルニジピン,降圧剤,循環器用薬,0,0,0,0,0,0,0,0,0,0,0,0,0,0,0,0,0,0,0,0,0,0,0,0,0,0
ビソプロロールフマル酸塩,降圧剤,循環器用薬,0,0,0,0,0,0,0,0,0,0,0,0,0,0,0,0,0,0,0,0,0,0,0,0,0,0
テルミサルタン,降圧剤,循環器用薬,0,0,0,0,0,0,0,0,0,0,0,0,0,0,0,0,0,0,0,0,0,0,0,0,0,0
カルベジロール,降圧剤,循環器用薬,0,0,0,0,0,0,0,0,0,0,0,0,0,0,0,0,0,0,0,0,0,0,0,0,0,0
テルミサルタン;アムロジピンベシル酸塩,降圧剤,循環器用薬,0,0,0,0,0,0,0,0,0,0,0,0,0,0,0,0,0,0,0,0,0,0,0,0,0,0
カンデサルタンシレキセチル;ヒドロクロロチアジド錠,降圧剤,循環器用薬,0,0,0,0,0,0,0,0,0,0,0,0,0,0,0,0,0,0,0,0,0,0,0,0,0,0
ウラピジル,降圧剤,循環器用薬,0,0,0,0,0,0,0,0,0,0,0,0,0,0,0,0,0,0,0,0,0,0,0,0,0,0
インダパミド,降圧剤,循環器用薬,0,0,0,0,0,0,0,0,0,0,0,0,0,0,0,0,0,0,0,0,0,0,0,0,0,0
トリクロルメチアジド,降圧剤,循環器用薬,0,0,0,0,0,0,0,0,0,0,0,0,0,0,0,0,0,0,0,0,0,0,0,0,0,0
イミダプリル塩酸塩,降圧剤,循環器用薬,0,0,0,0,0,0,0,0,0,0,0,0,0,0,0,0,0,0,0,0,0,0,0,0,0,0
カリジノゲナーゼ,降圧剤,循環器用薬,0,0,0,0,0,0,0,0,0,0,0,0,0,0,0,0,0,0,0,0,0,0,0,0,0,0
ブナゾシン塩酸塩,降圧剤,循環器用薬,0,0,0,0,0,0,0,0,0,0,0,0,0,0,0,0,0,0,0,0,0,0,0,0,0,0
ベニジピン塩酸塩,降圧剤,循環器用薬,0,0,0,0,0,0,0,0,0,0,0,0,0,0,0,0,0,0,0,0,0,0,0,0,0,0
アジルサルタン,降圧剤,循環器用薬,0,0,0,0,0,0,0,0,0,0,0,0,0,0,0,0,0,0,0,0,0,0,0,0,0,0
スピロノラクトン,降圧剤,循環器用薬,0,0,0,0,0,0,0,0,0,0,0,0,0,0,0,0,0,0,0,0,0,0,0,0,0,0
シルニジピン,降圧剤,循環器用薬,0,0,0,0,0,0,0,0,0,0,0,0,0,0,0,0,0,0,0,0,0,0,0,0,0,0
ビソプロロール,降圧剤,循環器用薬,0,0,0,0,0,0,0,0,0,0,0,0,0,0,0,0,0,0,0,0,0,0,0,0,0,0
アテノロール,降圧剤,循環器用薬,0,0,0,0,0,0,0,0,0,0,0,0,0,0,0,0,0,0,0,0,0,0,0,0,0,0
アロチノロール塩酸塩,降圧剤,循環器用薬,0,0,0,0,0,0,0,0,0,0,0,0,0,0,0,0,0,0,0,0,0,0,0,0,0,0
アジルサルタン;アムロジピンベシル酸塩,降圧剤,循環器用薬,0,0,0,0,0,0,0,0,0,0,0,0,0,0,0,0,0,0,0,0,0,0,0,0,0,0
バルサルタン;アムロジピンベシル酸塩,降圧剤,循環器用薬,0,0,0,0,0,0,0,0,0,0,0,0,0,0,0,0,0,0,0,0,0,0,0,0,0,0
ジルチアゼム塩酸塩,降圧剤,循環器用薬,0,0,0,0,0,0,0,0,0,0,0,0,0,0,0,0,0,0,0,0,0,0,0,0,0,0
エプレレノン,降圧剤,循環器用薬,0,0,0,0,0,0,0,0,0,0,0,0,0,0,0,0,0,0,0,0,0,0,0,0,0,0
イルベサルタン,降圧剤,循環器用薬,0,0,0,0,0,0,0,0,0,0,0,0,0,0,0,0,0,0,0,0,0,0,0,0,0,0
オルメサルタンメドキソミル;アゼルニジピン,降圧剤,循環器用薬,0,0,0,0,0,0,0,0,0,0,0,0,0,0,0,0,0,0,0,0,0,0,0,0,0,0
ドキサゾシンメシル酸塩,降圧剤,循環器用薬,0,0,0,0,0,0,0,0,0,0,0,0,0,0,0,0,0,0,0,0,0,0,0,0,0,0
ロサルタンカリウム;ヒドロクロロチアジド錠,降圧剤,循環器用薬,0,0,0,0,0,0,0,0,0,0,0,0,0,0,0,0,0,0,0,0,0,0,0,0,0,0
ロスバスタチンカルシウム,高脂血症,脂質異常症用薬,0,0,0,0,0,0,0,0,0,0,0,0,0,0,0,0,0,0,0,0,0,0,0,0,0,0
アトルバスタチンカルシウム水和物,高脂血症,脂質異常症用薬,0,0,0,0,0,0,0,0,0,0,0,0,0,0,0,0,0,0,0,0,0,0,0,0,0,0
ピタバスタチンカルシウム水和物,高脂血症,脂質異常症用薬,0,0,0,0,0,0,0,0,0,0,0,0,0,0,0,0,0,0,0,0,0,0,0,0,0,0
シンバスタチン,高脂血症,脂質異常症用薬,0,0,0,0,0,0,0,0,0,0,0,0,0,0,0,0,0,0,0,0,0,0,0,0,0,0
フルバスタチンナトリウム,高脂血症,脂質異常症用薬,0,0,0,0,0,0,0,0,0,0,0,0,0,0,0,0,0,0,0,0,0,0,0,0,0,0
エゼチミブ,高脂血症,脂質異常症用薬,0,0,0,0,0,0,0,0,0,0,0,0,0,0,0,0,0,0,0,0,0,0,0,0,0,0
テルグリド,高プロラクチン血症治療薬,内分泌疾患用薬,0,0,0,0,0,0,0,0,0,0,0,0,0,0,0,0,0,0,0,0,0,0,0,0,0,0
プラバスタチンナトリウム,高脂血症,脂質異常症用薬,0,0,0,0,0,0,0,0,0,0,0,0,0,0,0,0,0,0,0,0,0,0,0,0,0,0
ベザフィブラート,高脂血症,脂質異常症用薬,0,0,0,0,0,0,0,0,0,0,0,0,0,0,0,0,0,0,0,0,0,0,0,0,0,0
オメガ－３脂肪酸エチルエステル,高脂血症,脂質異常症用薬,0,0,0,0,0,0,0,0,0,0,0,0,0,0,0,0,0,0,0,0,0,0,0,0,0,0
フェブキソスタット,高尿酸血症治療剤,痛風・高尿酸血症治療薬,0,0,0,0,0,0,0,0,0,0,0,0,0,0,0,0,0,0,0,0,0,0,0,0,0,0
ベンズブロマロン,高尿酸血症治療剤,痛風・高尿酸血症治療薬,0,0,0,0,0,0,0,0,0,0,0,0,0,0,0,0,0,0,0,0,0,0,0,0,0,0
アロプリノール,高尿酸血症治療剤,痛風・高尿酸血症治療薬,0,0,0,0,0,0,0,0,0,0,0,0,0,0,0,0,0,0,0,0,0,0,0,0,0,0
ゾレドロン酸水和物,骨吸収抑制剤,骨粗鬆症・骨代謝改善薬,0,0,0,0,0,0,0,0,0,0,0,0,0,0,0,0,0,0,0,0,0,0,0,0,0,0
リセドロン酸ナトリウム水和物,骨粗鬆症治療剤,骨粗鬆症・骨代謝改善薬,0,0,0,0,0,0,0,0,0,0,0,0,0,0,0,0,0,0,0,0,0,0,0,0,0,0
アレンドロン酸ナトリウム水和物,骨粗鬆症治療剤,骨粗鬆症・骨代謝改善薬,0,0,0,0,0,0,0,0,0,0,0,0,0,0,0,0,0,0,0,0,0,0,0,0,0,0
ラロキシフェン,骨粗鬆症治療剤,骨粗鬆症・骨代謝改善薬,0,0,0,0,0,0,0,0,0,0,0,0,0,0,0,0,0,0,0,0,0,0,0,0,0,0
バゼドキシフェン酢酸塩,骨粗鬆症治療剤,骨粗鬆症・骨代謝改善薬,0,0,0,0,0,0,0,0,0,0,0,0,0,0,0,0,0,0,0,0,0,0,0,0,0,0
デノスマブ,骨粗鬆症治療剤,骨粗鬆症・骨代謝改善薬,0,0,0,0,0,0,0,0,0,0,0,0,0,0,0,0,0,0,0,0,0,0,0,0,0,0
エルカトニン,骨粗鬆症治療剤,骨粗鬆症・骨代謝改善薬,0,0,0,0,0,0,0,0,0,0,0,0,0,0,0,0,0,0,0,0,0,0,0,0,0,0
ビスホスホネート薬,骨粗鬆症治療剤,骨粗鬆症・骨代謝改善薬,0,0,0,0,0,0,0,0,0,0,0,0,0,0,0,0,0,0,0,0,0,0,0,0,0,0
Ｌ－アスパラギン酸カルシウム水和物,骨粗鬆症治療剤,骨粗鬆症・骨代謝改善薬,0,0,0,0,0,0,0,0,0,0,0,0,0,0,0,0,0,0,0,0,0,0,0,0,0,0
ミノドロン酸水和物,骨粗鬆症治療剤,骨粗鬆症・骨代謝改善薬,0,0,0,0,0,0,0,0,0,0,0,0,0,0,0,0,0,0,0,0,0,0,0,0,0,0
オキシコドン塩酸塩水和物,鎮痛剤,鎮痛剤,0,0,0,0,0,0,0,0,0,0,0,0,0,0,0,0,0,0,0,0,0,0,0,0,0,0
フェンタニルクエン酸塩,鎮痛剤,鎮痛剤,0,0,0,0,0,0,0,0,0,0,0,0,0,0,0,0,0,0,0,0,0,0,0,0,0,0
モルヒネ硫酸塩水和物,鎮痛剤,鎮痛剤,0,0,0,0,0,0,0,0,0,0,0,0,0,0,0,0,0,0,0,0,0,0,0,0,0,0
モルヒネ塩酸塩水和物,鎮痛剤,鎮痛剤,0,0,0,0,0,0,0,0,0,0,0,0,0,0,0,0,0,0,0,0,0,0,0,0,0,0
モルヒネ,鎮痛剤,鎮痛剤,0,0,0,0,0,0,0,0,0,0,0,0,0,0,0,0,0,0,0,0,0,0,0,0,0,0
トラネキサム酸,止血剤,止血剤,0,0,0,0,0,0,0,0,0,0,0,0,0,0,0,0,0,0,0,0,0,0,0,0,0,0
ロペラミド塩酸塩,止瀉剤,消化器用薬,0,0,0,0,0,0,0,0,0,0,0,0,0,0,0,0,0,0,0,0,0,0,0,0,0,0
エリスロポエチン,赤血球造血刺激因子製剤,血液成分製剤,0,0,0,0,0,0,0,0,0,0,0,0,0,0,0,0,0,0,0,0,0,0,0,0,0,0
トフィソパム,自律神経調整薬,自律神経系作用薬,0,0,0,0,0,0,0,0,0,0,0,0,0,0,0,0,0,0,0,0,0,0,0,0,0,0
シアナミド,アルコール依存症治療薬,中枢神経薬,0,0,0,0,0,0,0,0,0,0,0,0,0,0,0,0,0,0,0,0,0,0,0,0,0,0
イトプリド塩酸塩,消化管運動改善薬,消化器用薬,0,0,0,0,0,0,0,0,0,0,0,0,0,0,0,0,0,0,0,0,0,0,0,0,0,0
トリメブチンマレイン酸塩,過敏性腸症候群治療薬,消化器用薬,0,0,0,0,0,0,0,0,0,0,0,0,0,0,0,0,0,0,0,0,0,0,0,0,0,0
ボグリボース,食後過血糖改善剤,糖尿病用薬,0,0,0,0,0,0,0,0,0,0,0,0,0,0,0,0,0,0,0,0,0,0,0,0,0,0
クロチアゼパム,心身安定剤,神経系用薬,0,0,0,0,0,0,0,0,0,0,0,0,0,0,0,0,0,0,0,0,0,0,0,0,0,0
キンダリー,人工腎臓用透析液,透析液,0,0,0,0,0,0,0,0,0,0,0,0,0,0,0,0,0,0,0,0,0,0,0,0,0,0
インジゴカルミン,腎機能検査用薬,検査用薬,0,0,0,0,0,0,0,0,0,0,0,0,0,0,0,0,0,0,0,0,0,0,0,0,0,0
エポエチンベータ,腎性貧血,血液成分製剤,0,0,0,0,0,0,0,0,0,0,0,0,0,0,0,0,0,0,0,0,0,0,0,0,0,0
ジノプロストン,陣痛誘発・促進剤,産婦人科用薬,0,0,0,0,0,0,0,0,0,0,0,0,0,0,0,0,0,0,0,0,0,0,0,0,0,0
ラクトミン;糖化菌;酪酸菌,整腸薬,消化器用薬,0,0,0,0,0,0,0,0,0,0,0,0,0,0,0,0,0,0,0,0,0,0,0,0,0,0
ジアゼパム,精神安定剤,神経系用薬,0,0,0,0,0,0,0,0,0,0,0,0,0,0,0,0,0,0,0,0,0,0,0,0,0,0
スルピリド,抗精神病薬,神経系用薬,0,0,0,0,0,0,0,0,0,0,0,0,0,0,0,0,0,0,0,0,0,0,0,0,0,0
プロクロルペラジン,神経系用薬,神経系用薬,0,0,0,0,0,0,0,0,0,0,0,0,0,0,0,0,0,0,0,0,0,0,0,0,0,0
プロポフォール,全身麻酔・鎮静用剤,鎮静薬,0,0,0,0,0,0,0,0,0,0,0,0,0,0,0,0,0,0,0,0,0,0,0,0,0,0
イオメプロール,造影剤,造影剤,0,0,0,0,0,0,0,0,0,0,0,0,0,0,0,0,0,0,0,0,0,0,0,0,0,0
サリドマイド,多発性骨髄腫治療剤,分子標的薬,0,0,0,0,0,0,0,0,0,0,0,0,0,0,0,0,0,0,0,0,0,0,0,0,0,0
エペリゾン塩酸塩,中枢性筋弛緩薬,中枢神経薬,0,0,0,0,0,0,0,0,0,0,0,0,0,0,0,0,0,0,0,0,0,0,0,0,0,0
コデインリン酸塩水和物,鎮咳剤,呼吸器用薬,0,0,0,0,0,0,0,0,0,0,0,0,0,0,0,0,0,0,0,0,0,0,0,0,0,0
ペントキシベリンクエン酸塩,鎮咳剤,呼吸器用薬,0,0,0,0,0,0,0,0,0,0,0,0,0,0,0,0,0,0,0,0,0,0,0,0,0,0
デキストロメトルファン臭化水素酸塩水和物,鎮咳剤,呼吸器用薬,0,0,0,0,0,0,0,0,0,0,0,0,0,0,0,0,0,0,0,0,0,0,0,0,0,0
メサラジン,潰瘍性大腸炎・クローン病治療剤,免疫疾患治療薬,0,0,0,0,0,0,0,0,0,0,0,0,0,0,0,0,0,0,0,0,0,0,0,0,0,0
沈降炭酸カルシウム;コレカルシフェロール;炭酸マグネシウム,低カルシウム血症,電解質製剤,0,0,0,0,0,0,0,0,0,0,0,0,0,0,0,0,0,0,0,0,0,0,0,0,0,0
クエン酸第一鉄ナトリウム,鉄剤,電解質製剤,0,0,0,0,0,0,0,0,0,0,0,0,0,0,0,0,0,0,0,0,0,0,0,0,0,0
カーボスター,透析液,透析液,0,0,0,0,0,0,0,0,0,0,0,0,0,0,0,0,0,0,0,0,0,0,0,0,0,0
ステイセーフ,透析液,透析液,0,0,0,0,0,0,0,0,0,0,0,0,0,0,0,0,0,0,0,0,0,0,0,0,0,0
シナカルセト塩酸塩,二次性副甲状腺機能亢進症;高カルシウム血症,内分泌疾患用薬,0,0,0,0,0,0,0,0,0,0,0,0,0,0,0,0,0,0,0,0,0,0,0,0,0,0
Ｄ－マンニトール,脳圧降下・浸透圧利尿剤,中枢神経薬,0,0,0,0,0,0,0,0,0,0,0,0,0,0,0,0,0,0,0,0,0,0,0,0,0,0
イフェンプロジル酒石酸塩,脳循環改善薬,中枢神経薬,0,0,0,0,0,0,0,0,0,0,0,0,0,0,0,0,0,0,0,0,0,0,0,0,0,0
ベプリジル塩酸塩水和物,頻脈性不整脈・狭心症治療剤,循環器用薬,0,0,0,0,0,0,0,0,0,0,0,0,0,0,0,0,0,0,0,0,0,0,0,0,0,0
フレカイニド酢酸塩,不整脈治療剤,循環器用薬,0,0,0,0,0,0,0,0,0,0,0,0,0,0,0,0,0,0,0,0,0,0,0,0,0,0
イコサペント酸エチル,高脂血症,イコサペント酸エチル,0,0,0,0,0,0,0,0,0,0,0,0,0,0,0,0,0,0,0,0,0,0,0,0,0,0
白色ワセリン,保湿剤,皮膚用薬,0,0,0,0,0,0,0,0,0,0,0,0,0,0,0,0,0,0,0,0,0,0,0,0,0,0
タクロリムス水和物,免疫抑制剤,免疫抑制剤,0,0,0,0,0,0,0,0,0,0,0,0,0,0,0,0,0,0,0,0,0,0,0,0,0,0
シクロスポリン,免疫抑制剤,免疫抑制剤,0,0,0,0,0,0,0,0,0,0,0,0,0,0,0,0,0,0,0,0,0,0,0,0,0,0
ミコフェノール酸モフェチル,免疫抑制剤,免疫抑制剤,0,0,0,0,0,0,0,0,0,0,0,0,0,0,0,0,0,0,0,0,0,0,0,0,0,0
生理食塩液,輸液,輸液,0,0,0,0,0,0,0,0,0,0,0,0,0,0,0,0,0,0,0,0,0,0,0,0,0,0
ソルラクト,輸液,輸液,0,0,0,0,0,0,0,0,0,0,0,0,0,0,0,0,0,0,0,0,0,0,0,0,0,0
ソルデム,輸液,輸液,0,0,0,0,0,0,0,0,0,0,0,0,0,0,0,0,0,0,0,0,0,0,0,0,0,0
解凍人赤血球濃厚液,輸血,輸血,0,0,0,0,0,0,0,0,0,0,0,0,0,0,0,0,0,0,0,0,0,0,0,0,0,0
フロセミド,利尿剤,利尿剤,0,0,0,0,0,0,0,0,0,0,0,0,0,0,0,0,0,0,0,0,0,0,0,0,0,0
トラセミド,利尿剤,利尿剤,0,0,0,0,0,0,0,0,0,0,0,0,0,0,0,0,0,0,0,0,0,0,0,0,0,0
イソソルビド,利尿剤,利尿剤,0,0,0,0,0,0,0,0,0,0,0,0,0,0,0,0,0,0,0,0,0,0,0,0,0,0
トルバプタン,利尿剤,利尿剤,0,0,0,0,0,0,0,0,0,0,0,0,0,0,0,0,0,0,0,0,0,0,0,0,0,0
ニプラジロール,緑内障・高眼圧症治療剤,眼科用剤,0,0,0,0,0,0,0,0,0,0,0,0,0,0,0,0,0,0,0,0,0,0,0,0,0,0
タフルプロスト,緑内障・高眼圧症治療剤,眼科用剤,0,0,0,0,0,0,0,0,0,0,0,0,0,0,0,0,0,0,0,0,0,0,0,0,0,0
ドルゾラミド塩酸塩,緑内障・高眼圧症治療剤,眼科用剤,0,0,0,0,0,0,0,0,0,0,0,0,0,0,0,0,0,0,0,0,0,0,0,0,0,0
カルテオロール塩酸塩,緑内障・高眼圧症治療剤,眼科用剤,0,0,0,0,0,0,0,0,0,0,0,0,0,0,0,0,0,0,0,0,0,0,0,0,0,0
サルメテロールキシナホ酸塩;フルチカゾンプロピオン酸エステル,喘息・ＣＯＰＤ治療配合剤,呼吸器用剤,0,0,0,0,0,0,0,0,0,0,0,0,0,0,0,0,0,0,0,0,0,0,0,0,0,0
カモスタットメシル酸塩,膵炎治療薬,消化器用薬,0,0,0,0,0,0,0,0,0,0,0,0,0,0,0,0,0,0,0,0,0,0,0,0,0,0
精製白糖;ポビドンヨード,褥瘡・皮膚潰瘍治療剤,皮膚用薬,0,0,0,0,0,0,0,0,0,0,0,0,0,0,0,0,0,0,0,0,0,0,0,0,0,0
炭酸リチウム,躁病・躁状態治療剤,神経系用薬,0,0,0,0,0,0,0,0,0,0,0,0,0,0,0,0,0,0,0,0,0,0,0,0,0,0
抗生物質製剤,[AMB],[AMB],0,0,0,0,0,0,0,0,0,0,0,0,0,0,0,0,0,0,0,0,0,0,0,0,0,0
血圧降下剤,[AMB],[AMB],0,0,0,0,0,0,0,0,0,0,0,0,0,0,0,0,0,0,0,0,0,0,0,0,0,0
鉄剤,[AMB],[AMB],0,0,0,0,0,0,0,0,0,0,0,0,0,0,0,0,0,0,0,0,0,0,0,0,0,0
プロトンポンプ阻害薬,[AMB],[AMB],0,0,0,0,0,0,0,0,0,0,0,0,0,0,0,0,0,0,0,0,0,0,0,0,0,0
免疫抑制剤,[AMB],[AMB],0,0,0,0,0,0,0,0,0,0,0,0,0,0,0,0,0,0,0,0,0,0,0,0,0,0
β－アドレナリン受容体拮抗薬,[AMB],[AMB],0,0,0,0,0,0,0,0,0,0,0,0,0,0,0,0,0,0,0,0,0,0,0,0,0,0
ローヤルゼリー製剤,[AMB],[AMB],0,0,0,0,0,0,0,0,0,0,0,0,0,0,0,0,0,0,0,0,0,0,0,0,0,0
ビタミン剤,[AMB],[AMB],0,0,0,0,0,0,0,0,0,0,0,0,0,0,0,0,0,0,0,0,0,0,0,0,0,0
冠血管拡張剤,[AMB],[AMB],0,0,0,0,0,0,0,0,0,0,0,0,0,0,0,0,0,0,0,0,0,0,0,0,0,0
抗血小板薬,[AMB],[AMB],0,0,0,0,0,0,0,0,0,0,0,0,0,0,0,0,0,0,0,0,0,0,0,0,0,0
ワクチン類,[AMB],[AMB],0,0,0,0,0,0,0,0,0,0,0,0,0,0,0,0,0,0,0,0,0,0,0,0,0,0
ヒアルロン酸,[AMB],[AMB],0,0,0,0,0,0,0,0,0,0,0,0,0,0,0,0,0,0,0,0,0,0,0,0,0,0
濃グリセリン;果糖,[AMB],[AMB],0,0,0,0,0,0,0,0,0,0,0,0,0,0,0,0,0,0,0,0,0,0,0,0,0,0
抗凝固薬,[AMB],[AMB],0,0,0,0,0,0,0,0,0,0,0,0,0,0,0,0,0,0,0,0,0,0,0,0,0,0
止瀉剤;整腸剤,[AMB],[AMB],0,0,0,0,0,0,0,0,0,0,0,0,0,0,0,0,0,0,0,0,0,0,0,0,0,0
アレルギー用薬,[AMB],[AMB],0,0,0,0,0,0,0,0,0,0,0,0,0,0,0,0,0,0,0,0,0,0,0,0,0,0
ビタミンD誘導体,[AMB],[AMB],0,0,0,0,0,0,0,0,0,0,0,0,0,0,0,0,0,0,0,0,0,0,0,0,0,0
利尿剤,[AMB],[AMB],0,0,0,0,0,0,0,0,0,0,0,0,0,0,0,0,0,0,0,0,0,0,0,0,0,0
ジヒドロピリジン系カルシウム拮抗薬,[AMB],[AMB],0,0,0,0,0,0,0,0,0,0,0,0,0,0,0,0,0,0,0,0,0,0,0,0,0,0
鎮咳剤,[AMB],[AMB],0,0,0,0,0,0,0,0,0,0,0,0,0,0,0,0,0,0,0,0,0,0,0,0,0,0
血糖降下薬,[AMB],[AMB],0,0,0,0,0,0,0,0,0,0,0,0,0,0,0,0,0,0,0,0,0,0,0,0,0,0
フルオロキノロン系抗生物質,[AMB],[AMB],0,0,0,0,0,0,0,0,0,0,0,0,0,0,0,0,0,0,0,0,0,0,0,0,0,0
催眠鎮静剤、抗不安剤,[AMB],[AMB],0,0,0,0,0,0,0,0,0,0,0,0,0,0,0,0,0,0,0,0,0,0,0,0,0,0
総合消化酵素製剤,[AMB],[AMB],0,0,0,0,0,0,0,0,0,0,0,0,0,0,0,0,0,0,0,0,0,0,0,0,0,0
インスリン,[AMB],[AMB],0,0,0,0,0,0,0,0,0,0,0,0,0,0,0,0,0,0,0,0,0,0,0,0,0,0
ＨＭＧ－ＣｏＡ還元酵素阻害薬,[AMB],[AMB],0,0,0,0,0,0,0,0,0,0,0,0,0,0,0,0,0,0,0,0,0,0,0,0,0,0
マクロライド系抗生物質,[AMB],[AMB],0,0,0,0,0,0,0,0,0,0,0,0,0,0,0,0,0,0,0,0,0,0,0,0,0,0
ヨウ素化合物製剤,[AMB],[AMB],0,0,0,0,0,0,0,0,0,0,0,0,0,0,0,0,0,0,0,0,0,0,0,0,0,0
ヘルペスウイルスＤＮＡポリメラーゼ阻害薬,[AMB],[AMB],0,0,0,0,0,0,0,0,0,0,0,0,0,0,0,0,0,0,0,0,0,0,0,0,0,0
腹膜透析用剤,[AMB],[AMB],0,0,0,0,0,0,0,0,0,0,0,0,0,0,0,0,0,0,0,0,0,0,0,0,0,0
カルバペネム系抗生物質,[AMB],[AMB],0,0,0,0,0,0,0,0,0,0,0,0,0,0,0,0,0,0,0,0,0,0,0,0,0,0
ヨード製剤,[AMB],[AMB],0,0,0,0,0,0,0,0,0,0,0,0,0,0,0,0,0,0,0,0,0,0,0,0,0,0
キノロン系抗生物質,[AMB],[AMB],0,0,0,0,0,0,0,0,0,0,0,0,0,0,0,0,0,0,0,0,0,0,0,0,0,0
非ステロイド性抗炎症薬,[AMB],[AMB],0,0,0,0,0,0,0,0,0,0,0,0,0,0,0,0,0,0,0,0,0,0,0,0,0,0
抗インフルエンザウイルス薬,[AMB],[AMB],0,0,0,0,0,0,0,0,0,0,0,0,0,0,0,0,0,0,0,0,0,0,0,0,0,0
